Open,High,Low,Close,Volume,date
215.0,217.0,210.0,210.0,1234500,2022-03-16
212.0,215.0,210.0,213.0,716700,2022-03-15
213.0,215.0,211.0,212.0,688900,2022-03-14
219.0,219.0,212.0,213.0,802400,2022-03-11
219.0,223.0,217.0,222.0,867900,2022-03-10
212.0,218.0,210.0,210.0,1005400,2022-03-09
210.0,220.0,209.0,212.0,1587800,2022-03-08
221.0,221.0,211.0,217.0,1210800,2022-03-07
223.0,224.0,219.0,223.0,975000,2022-03-04
233.0,235.0,226.0,226.0,784700,2022-03-03
228.0,231.0,223.0,230.0,889900,2022-03-02
225.0,236.0,221.0,234.0,1020400,2022-03-01
218.0,223.0,215.0,223.0,793000,2022-02-28
213.0,224.0,210.0,221.0,1506800,2022-02-25
216.0,217.0,208.0,212.0,1600000,2022-02-24
217.0,221.0,216.0,218.0,782100,2022-02-22
221.0,221.0,216.0,221.0,807900,2022-02-21
216.0,225.0,215.0,223.0,1064500,2022-02-18
228.0,229.0,219.0,220.0,1378400,2022-02-17
232.0,236.0,227.0,230.0,1073800,2022-02-16
231.0,237.0,226.0,229.0,1680200,2022-02-15
236.0,238.0,230.0,232.0,1286900,2022-02-14
233.0,243.0,233.0,242.0,1434600,2022-02-10
224.0,231.0,222.0,228.0,899200,2022-02-09
218.0,226.0,216.0,221.0,1042300,2022-02-08
218.0,220.0,213.0,218.0,1674900,2022-02-07
225.0,228.0,221.0,225.0,1297600,2022-02-04
232.0,234.0,228.0,229.0,880000,2022-02-03
230.0,237.0,230.0,235.0,1320800,2022-02-02
228.0,237.0,227.0,232.0,1965600,2022-02-01
220.0,225.0,219.0,221.0,1556500,2022-01-31
223.0,226.0,217.0,220.0,1758000,2022-01-28
231.0,235.0,221.0,221.0,1547800,2022-01-27
233.0,238.0,229.0,235.0,1872300,2022-01-26
242.0,246.0,235.0,240.0,1280100,2022-01-25
246.0,248.0,241.0,248.0,1358900,2022-01-24
253.0,257.0,248.0,254.0,1377000,2022-01-21
250.0,263.0,249.0,259.0,1239800,2022-01-20
259.0,261.0,250.0,251.0,1168700,2022-01-19
270.0,275.0,265.0,265.0,1462000,2022-01-18
286.0,288.0,265.0,272.0,2500600,2022-01-17
300.0,300.0,288.0,290.0,1694800,2022-01-14
308.0,310.0,302.0,304.0,427300,2022-01-13
306.0,313.0,305.0,307.0,592300,2022-01-12
311.0,313.0,304.0,305.0,853800,2022-01-11
316.0,320.0,307.0,313.0,717800,2022-01-07
316.0,320.0,313.0,318.0,579600,2022-01-06
328.0,330.0,320.0,321.0,588400,2022-01-05
336.0,338.0,327.0,327.0,432200,2022-01-04
333.0,336.0,330.0,335.0,356000,2021-12-30
330.0,338.0,330.0,335.0,423400,2021-12-29
324.0,330.0,324.0,329.0,536400,2021-12-28
334.0,334.0,323.0,324.0,594700,2021-12-27
339.0,340.0,335.0,337.0,286500,2021-12-24
345.0,347.0,338.0,339.0,287500,2021-12-23
340.0,345.0,338.0,342.0,404800,2021-12-22
337.0,345.0,336.0,340.0,486800,2021-12-21
345.0,345.0,333.0,336.0,735700,2021-12-20
352.0,353.0,346.0,350.0,541000,2021-12-17
358.0,360.0,353.0,355.0,286600,2021-12-16
353.0,359.0,352.0,356.0,377100,2021-12-15
358.0,361.0,353.0,356.0,267800,2021-12-14
362.0,366.0,357.0,358.0,249300,2021-12-13
367.0,367.0,359.0,359.0,371300,2021-12-10
367.0,370.0,363.0,365.0,383800,2021-12-09
373.0,374.0,366.0,367.0,444000,2021-12-08
357.0,365.0,355.0,365.0,429600,2021-12-07
353.0,361.0,353.0,355.0,457000,2021-12-06
343.0,357.0,342.0,356.0,566800,2021-12-03
344.0,352.0,343.0,344.0,686200,2021-12-02
355.0,356.0,345.0,352.0,578500,2021-12-01
364.0,373.0,355.0,356.0,645400,2021-11-30
356.0,374.0,356.0,362.0,821500,2021-11-29
378.0,379.0,370.0,372.0,674100,2021-11-26
386.0,389.0,380.0,380.0,406700,2021-11-25
393.0,395.0,384.0,387.0,501800,2021-11-24
399.0,401.0,395.0,395.0,253400,2021-11-22
403.0,403.0,399.0,401.0,213600,2021-11-19
401.0,404.0,393.0,401.0,696300,2021-11-18
411.0,413.0,400.0,401.0,582500,2021-11-17
412.0,414.0,408.0,412.0,414700,2021-11-16
421.0,428.0,413.0,413.0,381200,2021-11-15
416.0,425.0,416.0,417.0,247100,2021-11-12
415.0,418.0,413.0,416.0,231600,2021-11-11
416.0,424.0,415.0,418.0,390200,2021-11-10
415.0,420.0,411.0,415.0,396100,2021-11-09
426.0,427.0,416.0,417.0,475600,2021-11-08
430.0,434.0,424.0,425.0,339100,2021-11-05
430.0,433.0,427.0,430.0,562900,2021-11-04
423.0,428.0,421.0,421.0,369100,2021-11-02
417.0,423.0,416.0,423.0,427000,2021-11-01
416.0,417.0,411.0,414.0,587800,2021-10-29
416.0,423.0,413.0,417.0,429700,2021-10-28
422.0,423.0,413.0,416.0,675900,2021-10-27
424.0,430.0,423.0,424.0,547900,2021-10-26
426.0,427.0,422.0,423.0,490900,2021-10-25
440.0,444.0,430.0,430.0,749700,2021-10-22
445.0,452.0,440.0,444.0,863800,2021-10-21
470.0,473.0,445.0,445.0,1493400,2021-10-20
466.0,480.0,456.0,473.0,1497100,2021-10-19
455.0,464.0,435.0,464.0,2110700,2021-10-18
421.0,431.0,419.0,431.0,601500,2021-10-15
416.0,424.0,415.0,419.0,1041200,2021-10-14
426.0,428.0,413.0,415.0,729700,2021-10-13
439.0,439.0,430.0,431.0,612900,2021-10-12
442.0,444.0,438.0,441.0,301300,2021-10-11
439.0,444.0,436.0,442.0,418100,2021-10-08
446.0,448.0,434.0,434.0,560300,2021-10-07
446.0,458.0,443.0,446.0,552900,2021-10-06
448.0,450.0,441.0,444.0,825000,2021-10-05
463.0,466.0,452.0,453.0,804700,2021-10-04
468.0,473.0,461.0,463.0,639000,2021-10-01
466.0,472.0,462.0,468.0,691900,2021-09-30
472.0,472.0,462.0,466.0,1067700,2021-09-29
477.0,478.0,472.0,475.0,486200,2021-09-28
478.0,480.0,474.0,479.0,431100,2021-09-27
480.0,482.0,477.0,480.0,378400,2021-09-24
482.0,484.0,472.0,473.0,551100,2021-09-22
480.0,490.0,475.0,486.0,444000,2021-09-21
485.0,490.0,481.0,488.0,694000,2021-09-17
496.0,496.0,474.0,480.0,1223100,2021-09-16
508.0,509.0,491.0,496.0,933700,2021-09-15
511.0,514.0,508.0,514.0,344700,2021-09-14
505.0,511.0,504.0,509.0,438900,2021-09-13
501.0,508.0,501.0,508.0,449300,2021-09-10
498.0,503.0,497.0,502.0,484300,2021-09-09
501.0,503.0,495.0,502.0,664100,2021-09-08
509.0,510.0,503.0,504.0,422100,2021-09-07
500.0,502.0,493.0,501.0,788500,2021-09-06
497.0,502.0,496.0,497.0,723400,2021-09-03
504.0,506.0,497.0,503.0,461400,2021-09-02
500.0,509.0,489.0,504.0,998900,2021-09-01
511.0,516.0,509.0,513.0,475100,2021-08-31
506.0,515.0,506.0,512.0,335000,2021-08-30
516.69,518.68,508.71,511.7,216749,2021-08-27
519.68,523.67,516.69,518.68,207927,2021-08-26
523.67,527.66,519.68,520.68,219256,2021-08-25
518.68,524.67,516.69,520.68,285022,2021-08-24
505.72,517.68,504.72,515.69,337054,2021-08-23
504.72,513.69,503.72,505.72,266676,2021-08-20
501.73,510.7,496.74,502.72,321114,2021-08-19
497.74,514.69,495.74,511.7,402320,2021-08-18
515.69,515.69,494.74,495.74,613655,2021-08-17
533.64,533.64,515.69,517.68,570546,2021-08-16
535.64,544.62,535.64,542.62,390289,2021-08-13
551.6,552.6,532.65,535.64,471294,2021-08-12
556.59,558.58,547.61,547.61,519717,2021-08-11
556.59,567.56,545.61,566.56,440015,2021-08-10
565.56,571.55,553.59,556.59,390790,2021-08-06
558.58,574.54,558.58,565.56,654158,2021-08-05
553.59,568.56,546.61,560.58,739374,2021-08-04
544.62,567.56,544.62,556.59,928653,2021-08-03
543.62,547.61,536.64,538.63,334548,2021-08-02
527.66,543.62,527.66,538.63,552500,2021-07-30
540.63,546.61,528.66,528.66,496157,2021-07-29
557.58,564.57,537.63,539.63,882035,2021-07-28
554.59,555.59,538.63,553.59,719323,2021-07-27
550.6,578.53,546.61,548.61,1540203,2021-07-26
558.58,569.55,532.65,538.63,2634777,2021-07-21
527.66,560.58,525.66,549.6,3062862,2021-07-20
568.56,581.52,521.67,527.66,4177486,2021-07-19
490.75,544.62,489.76,538.63,4409073,2021-07-16
478.78,482.77,475.79,482.77,809551,2021-07-15
475.79,481.78,475.79,478.78,513000,2021-07-14
474.79,480.78,473.8,478.78,409438,2021-07-13
470.8,476.79,469.81,476.79,306477,2021-07-12
464.82,474.79,463.82,471.8,535056,2021-07-09
467.81,474.79,464.82,468.81,346679,2021-07-08
480.78,483.77,466.81,467.81,779074,2021-07-07
495.74,499.73,483.77,483.77,471996,2021-07-06
493.75,501.73,492.75,495.74,238003,2021-07-05
493.75,499.73,491.75,494.74,234895,2021-07-02
492.75,493.75,489.76,492.75,128125,2021-07-01
496.74,497.74,492.75,492.75,170632,2021-06-30
499.73,499.73,494.74,495.74,151985,2021-06-29
496.74,499.73,494.74,497.74,183966,2021-06-28
496.74,500.73,493.75,495.74,239507,2021-06-25
491.75,495.74,489.76,492.75,126320,2021-06-24
497.74,500.73,490.75,491.75,230584,2021-06-23
484.77,499.73,484.77,498.73,516008,2021-06-22
473.8,483.77,470.8,480.78,517812,2021-06-21
492.75,493.75,483.77,483.77,251036,2021-06-18
488.76,489.76,486.76,489.76,205721,2021-06-17
493.75,495.74,485.77,488.76,257954,2021-06-16
489.76,497.74,487.76,495.74,342267,2021-06-15
475.79,483.77,475.79,483.77,226775,2021-06-14
479.78,480.78,473.8,473.8,359511,2021-06-11
475.79,484.77,473.8,483.77,348684,2021-06-10
476.79,477.79,473.8,473.8,273994,2021-06-09
475.79,477.79,472.8,475.79,217451,2021-06-08
473.8,475.79,469.81,473.8,209130,2021-06-07
475.79,475.79,467.81,467.81,525331,2021-06-04
475.79,481.78,475.79,476.79,285323,2021-06-03
473.8,477.79,472.8,474.79,292541,2021-06-02
474.79,477.79,469.81,476.79,275799,2021-06-01
483.77,484.77,473.8,474.79,361115,2021-05-31
483.77,484.77,480.78,483.77,364323,2021-05-28
489.76,490.75,483.77,483.77,327229,2021-05-27
492.75,493.75,489.76,492.75,267879,2021-05-26
494.74,497.74,487.76,492.75,343972,2021-05-25
497.74,499.73,493.75,493.75,259959,2021-05-24
499.73,500.73,493.75,497.74,319008,2021-05-21
503.72,506.71,499.73,499.73,360514,2021-05-20
488.76,504.72,486.76,500.73,581474,2021-05-19
478.78,486.76,474.79,485.77,258756,2021-05-18
485.77,488.76,474.79,476.79,295148,2021-05-17
480.78,483.77,475.79,480.78,292942,2021-05-14
470.8,478.78,463.82,472.8,438010,2021-05-13
478.78,483.77,472.8,478.78,378459,2021-05-12
492.75,492.75,475.79,478.78,636613,2021-05-11
494.74,494.74,483.77,490.75,543577,2021-05-10
492.75,500.73,491.75,494.74,539668,2021-05-07
499.73,506.71,496.74,496.74,638418,2021-05-06
513.69,515.69,507.71,508.71,386780,2021-04-30
514.69,515.69,510.7,512.7,295449,2021-04-28
515.69,519.68,512.7,515.69,438912,2021-04-27
507.71,516.69,502.72,512.7,334648,2021-04-26
503.72,515.69,503.72,508.71,292642,2021-04-23
517.68,519.68,507.71,509.71,447935,2021-04-22
514.69,517.68,506.71,507.71,392896,2021-04-21
531.65,532.65,517.68,518.68,537362,2021-04-20
545.61,546.61,526.66,528.66,816569,2021-04-19
546.61,546.61,531.65,540.63,969657,2021-04-16
548.61,557.58,527.66,546.61,2642597,2021-04-15
663.31,663.31,627.41,627.41,644233,2021-04-14
659.32,667.3,659.32,666.31,279107,2021-04-13
673.29,673.29,659.32,659.32,280611,2021-04-12
661.32,676.28,659.32,668.3,399312,2021-04-09
651.35,661.32,647.36,658.33,200809,2021-04-08
648.35,663.31,645.36,661.32,240309,2021-04-07
663.31,666.31,649.35,650.35,240910,2021-04-06
675.28,675.28,653.34,656.33,468287,2021-04-05
674.29,682.27,671.29,672.29,600321,2021-04-02
653.34,675.28,649.35,671.29,822083,2021-04-01
653.34,660.32,632.39,635.39,593303,2021-03-31
666.31,668.3,660.32,661.32,233592,2021-03-30
667.3,674.29,661.32,668.3,551498,2021-03-29
657.33,665.31,653.34,662.32,279709,2021-03-26
648.35,662.32,643.37,653.34,277804,2021-03-25
668.3,668.3,644.36,644.36,418360,2021-03-24
670.3,678.28,663.31,663.31,402420,2021-03-23
661.32,668.3,654.34,667.3,381968,2021-03-22
658.33,673.29,658.33,662.32,455755,2021-03-19
662.32,669.3,652.34,663.31,484327,2021-03-18
656.33,669.3,651.35,660.32,385577,2021-03-17
657.33,668.3,652.34,658.33,424275,2021-03-16
663.31,664.31,652.34,660.32,471695,2021-03-15
660.32,670.3,652.34,664.31,688946,2021-03-12
644.36,658.33,642.37,653.34,426080,2021-03-11
646.36,655.34,635.39,645.36,568340,2021-03-10
648.35,648.35,627.41,644.36,1111717,2021-03-09
653.34,673.29,652.34,669.3,1098985,2021-03-08
643.37,644.36,634.39,643.37,360915,2021-03-05
643.37,645.36,630.4,641.37,399512,2021-03-04
642.37,645.36,632.39,641.37,348984,2021-03-03
641.37,643.37,628.4,636.38,460768,2021-03-02
620.42,637.38,611.45,636.38,502072,2021-03-01
614.44,623.42,607.46,616.43,481219,2021-02-26
617.43,632.39,613.44,617.43,888852,2021-02-25
630.15,632.14,601.28,607.26,1147359,2021-02-24
626.17,641.1,623.19,633.14,562730,2021-02-22
644.09,646.08,622.19,626.17,666295,2021-02-19
637.12,652.05,637.12,638.12,520038,2021-02-18
636.12,654.05,636.12,642.1,861875,2021-02-17
642.1,644.09,630.15,635.13,572474,2021-02-16
649.07,649.07,622.19,636.12,869309,2021-02-15
631.15,647.08,625.17,645.09,811348,2021-02-12
615.22,631.15,610.24,626.17,824507,2021-02-10
622.19,630.15,609.25,615.22,781514,2021-02-09
616.21,632.14,612.23,624.18,801805,2021-02-08
619.21,634.14,608.25,610.24,1222295,2021-02-05
592.33,628.16,588.35,622.19,1685980,2021-02-04
591.33,604.27,579.39,595.31,934301,2021-02-03
572.42,593.32,570.42,587.35,1074933,2021-02-02
564.45,574.4,560.47,572.42,602609,2021-02-01
559.47,574.4,556.49,568.44,1139122,2021-01-29
524.63,569.42,522.64,566.44,2017069,2021-01-28
524.63,545.53,522.64,534.58,1046505,2021-01-27
518.66,521.64,513.67,520.65,430234,2021-01-26
522.64,522.64,515.67,517.66,482872,2021-01-25
522.64,528.62,513.67,526.62,559014,2021-01-22
521.64,531.6,517.66,522.64,831237,2021-01-21
499.74,521.64,499.74,518.66,1153688,2021-01-20
483.81,495.76,476.85,494.76,739625,2021-01-19
475.85,478.83,467.89,476.85,408336,2021-01-18
462.91,476.85,457.94,476.85,821694,2021-01-15
460.92,465.9,458.92,464.9,582319,2021-01-14
466.89,473.86,459.92,462.91,578501,2021-01-13
470.87,470.87,461.92,466.89,471219,2021-01-12
464.9,467.89,461.92,467.89,694824,2021-01-08
458.92,464.9,456.94,459.92,532595,2021-01-07
456.94,458.92,452.95,455.94,221195,2021-01-06
452.95,459.92,452.95,454.94,262280,2021-01-05
462.91,462.91,450.96,456.94,408938,2021-01-04
462.91,466.89,458.92,460.92,535206,2020-12-30
451.96,469.88,451.96,469.88,549672,2020-12-29
460.92,464.9,451.96,453.95,818681,2020-12-28
472.87,474.85,465.9,468.88,396784,2020-12-25
474.85,475.85,469.88,471.87,415970,2020-12-24
471.87,474.85,468.88,473.86,370666,2020-12-23
482.82,484.81,470.87,470.87,678652,2020-12-22
482.82,488.79,481.83,487.8,466096,2020-12-21
482.82,487.8,480.83,481.83,491711,2020-12-18
481.83,483.81,474.85,482.82,614363,2020-12-17
483.81,485.81,479.83,481.83,436664,2020-12-16
492.78,496.76,476.85,479.83,906275,2020-12-15
488.79,492.78,485.81,487.8,602208,2020-12-14
480.83,488.79,476.85,488.79,555096,2020-12-11
483.81,486.8,475.85,475.85,744347,2020-12-10
497.76,497.76,488.79,491.78,494624,2020-12-09
492.78,500.74,489.79,496.76,390657,2020-12-08
504.72,505.72,489.79,489.79,728074,2020-12-07
502.73,507.71,500.74,507.71,366146,2020-12-04
504.72,507.71,498.74,504.72,368657,2020-12-03
500.74,507.71,498.74,504.72,365243,2020-12-02
510.69,512.69,498.74,499.74,393269,2020-12-01
512.69,514.67,504.72,506.71,370768,2020-11-30
518.66,521.64,509.7,515.67,447010,2020-11-27
520.65,521.64,512.69,517.66,242289,2020-11-26
537.57,540.56,516.67,516.67,530787,2020-11-25
531.6,539.56,530.6,533.59,667602,2020-11-24
527.62,530.6,518.66,528.62,412254,2020-11-20
526.62,530.6,518.66,523.64,662781,2020-11-19
519.65,526.62,514.67,517.66,577296,2020-11-18
526.62,526.62,515.67,524.63,857254,2020-11-17
507.71,526.62,507.71,520.65,1294420,2020-11-16
487.8,505.72,485.81,501.74,1223099,2020-11-13
483.81,488.79,479.83,482.82,723654,2020-11-12
483.81,486.8,477.85,480.83,731790,2020-11-11
497.76,497.76,478.83,483.81,992664,2020-11-10
494.76,497.76,488.79,492.78,460973,2020-11-09
482.82,492.78,482.82,486.8,381214,2020-11-06
482.82,489.79,477.85,489.79,710796,2020-11-05
484.81,489.79,474.85,484.81,635558,2020-11-04
477.85,486.8,475.85,480.83,553991,2020-11-02
495.76,496.76,475.85,481.83,879353,2020-10-30
487.8,506.71,487.8,503.72,856150,2020-10-29
484.81,499.74,482.82,495.76,1050423,2020-10-28
472.87,481.83,467.89,481.83,543845,2020-10-27
486.8,492.78,476.85,479.83,549068,2020-10-26
480.83,483.81,474.85,482.82,470917,2020-10-23
486.8,486.8,475.85,477.85,562730,2020-10-22
488.79,495.76,483.81,483.81,674432,2020-10-21
479.83,498.74,473.86,495.76,1100850,2020-10-20
485.81,492.78,460.92,475.85,1840576,2020-10-19
488.79,502.73,479.83,480.83,2500744,2020-10-16
532.6,532.6,515.67,526.62,1090001,2020-10-15
544.54,546.53,529.6,534.58,1125662,2020-10-14
533.59,549.51,533.59,549.51,722348,2020-10-13
537.57,539.56,530.6,536.58,487593,2020-10-12
535.58,541.55,528.62,541.55,662278,2020-10-09
532.6,540.56,531.6,535.58,518933,2020-10-08
540.56,544.54,530.6,533.59,721745,2020-10-07
550.51,552.51,541.55,549.51,455950,2020-10-06
540.56,552.51,537.57,551.51,661876,2020-10-05
539.56,547.53,530.6,536.58,563032,2020-10-02
542.55,557.48,532.6,540.56,832242,2020-09-30
524.63,542.55,519.65,541.55,749771,2020-09-29
520.65,529.6,512.69,528.62,909188,2020-09-28
536.58,544.54,512.69,520.65,1241884,2020-09-25
555.49,555.49,527.62,535.58,1057555,2020-09-24
579.39,585.35,564.45,566.44,532896,2020-09-23
572.42,583.37,572.42,583.37,474233,2020-09-18
578.39,579.39,566.44,574.4,364138,2020-09-17
572.42,585.35,570.42,576.4,990052,2020-09-16
557.48,563.46,556.49,563.46,405524,2020-09-15
562.46,569.42,557.48,562.46,955697,2020-09-14
538.57,547.53,533.59,546.53,516121,2020-09-11
529.6,539.56,529.6,533.59,370366,2020-09-10
533.59,537.57,526.62,528.62,340029,2020-09-09
535.58,537.57,522.64,537.57,584930,2020-09-08
541.55,543.55,533.59,534.58,390958,2020-09-07
541.55,551.51,538.57,542.55,442489,2020-09-04
559.47,563.46,550.51,553.5,397688,2020-09-03
557.48,561.46,552.51,555.49,432645,2020-09-02
547.53,557.48,540.56,554.49,461374,2020-09-01
540.56,554.49,539.56,548.53,628325,2020-08-31
555.49,561.46,524.63,533.59,1214762,2020-08-28
553.71,560.65,551.72,555.69,660180,2020-08-27
531.88,554.69,531.88,554.69,1183711,2020-08-26
535.84,544.78,522.95,531.88,991934,2020-08-25
530.88,537.83,529.88,535.84,574219,2020-08-24
523.93,527.91,522.95,525.92,547009,2020-08-21
506.07,522.95,505.08,519.97,761259,2020-08-20
508.06,512.03,503.1,509.05,369140,2020-08-19
498.14,514.0,495.16,506.07,875739,2020-08-18
483.25,498.14,483.25,498.14,530079,2020-08-17
480.27,490.19,478.28,489.21,463466,2020-08-14
484.24,494.16,479.28,480.27,583692,2020-08-13
478.28,483.25,473.33,483.25,581576,2020-08-12
471.34,476.31,464.4,474.31,663204,2020-08-11
479.28,484.24,466.39,468.36,799353,2020-08-07
476.31,486.22,474.31,482.26,438474,2020-08-06
481.27,485.24,467.38,480.27,695754,2020-08-05
483.25,486.22,472.34,477.3,483219,2020-08-04
458.44,483.25,458.44,481.27,562530,2020-08-03
461.43,474.31,448.52,459.43,958981,2020-07-31
480.27,487.22,457.46,464.4,1319959,2020-07-30
496.15,499.12,474.31,475.31,1436354,2020-07-29
517.98,519.97,498.14,502.1,1266144,2020-07-28
516.0,523.93,506.07,523.93,879469,2020-07-27
546.76,549.73,517.0,517.0,1823333,2020-07-22
547.76,570.57,543.79,558.67,1905868,2020-07-21
527.91,541.79,518.97,540.81,929353,2020-07-20
524.93,533.86,516.0,526.91,1450665,2020-07-17
582.48,582.48,516.0,517.98,2986182,2020-07-16
555.69,587.45,543.79,573.55,2399870,2020-07-15
530.88,565.61,523.93,564.62,1525037,2020-07-14
536.84,542.79,530.88,537.83,467901,2020-07-13
531.88,544.78,530.88,531.88,636802,2020-07-10
536.84,546.76,527.91,527.91,788468,2020-07-09
538.82,548.75,532.87,536.84,673785,2020-07-08
514.0,548.75,514.0,548.75,1179477,2020-07-07
501.12,517.0,501.12,514.0,557994,2020-07-06
496.15,525.92,488.22,511.03,815375,2020-07-03
501.12,506.07,489.21,496.15,910206,2020-07-02
510.04,517.98,499.12,501.12,565049,2020-07-01
524.93,524.93,510.04,510.04,569482,2020-06-30
502.1,519.97,502.1,517.0,1087772,2020-06-29
548.75,548.75,532.87,532.87,889243,2020-06-26
552.72,561.64,546.76,548.75,682351,2020-06-25
566.6,568.6,558.67,559.66,482514,2020-06-24
586.45,586.45,569.57,570.57,604956,2020-06-23
576.53,593.4,574.54,583.48,475459,2020-06-22
592.4,593.4,572.57,579.5,738886,2020-06-19
575.54,589.43,567.6,585.45,784135,2020-06-18
574.54,577.52,562.64,574.54,535320,2020-06-17
555.69,577.52,554.69,569.57,800762,2020-06-16
558.67,560.65,541.79,542.79,900127,2020-06-15
545.76,565.61,545.76,562.64,1102183,2020-06-12
569.57,582.48,563.63,576.53,1057639,2020-06-11
586.45,588.44,567.6,569.57,1934085,2020-06-10
605.3,613.24,586.45,600.34,1155795,2020-06-09
616.21,617.21,591.41,601.33,1487649,2020-06-08
595.38,625.14,590.42,614.24,3740588,2020-06-05
543.79,588.44,540.81,585.45,3830682,2020-06-04
522.95,534.85,518.97,533.86,967949,2020-06-03
517.98,526.91,517.98,520.96,572607,2020-06-02
522.95,523.93,514.0,517.98,423963,2020-06-01
531.88,537.83,517.0,517.0,1004430,2020-05-29
516.0,532.87,514.0,530.88,1596588,2020-05-28
516.0,516.0,507.07,510.04,718731,2020-05-27
517.98,518.97,505.08,514.0,1117501,2020-05-26
518.97,526.91,516.0,516.0,633576,2020-05-25
523.93,523.93,515.0,516.0,536730,2020-05-22
533.86,533.86,517.98,522.95,586413,2020-05-21
529.88,534.85,525.92,527.91,573615,2020-05-20
533.86,547.76,526.91,539.81,874530,2020-05-19
522.95,531.88,517.98,524.93,724476,2020-05-18
519.97,519.97,502.1,516.0,688398,2020-05-15
525.92,529.88,508.06,510.04,781011,2020-05-14
507.07,523.93,503.1,523.93,760856,2020-05-13
532.87,535.84,515.0,516.0,960189,2020-05-12
535.84,537.83,522.95,528.9,893679,2020-05-11
510.04,526.91,506.07,520.96,1218881,2020-05-08
494.16,509.05,494.16,501.12,830793,2020-05-07
502.1,508.06,488.22,498.14,998585,2020-05-01
506.07,522.95,506.07,511.03,1918163,2020-04-30
467.38,490.19,466.39,488.22,1348680,2020-04-28
460.43,469.36,458.44,466.39,906174,2020-04-27
456.46,463.4,454.48,455.46,926531,2020-04-24
473.33,476.31,454.48,460.43,1422044,2020-04-23
456.46,471.34,450.51,468.36,1273601,2020-04-22
460.43,473.33,457.46,459.43,999492,2020-04-21
464.4,468.36,454.48,464.4,1821822,2020-04-20
463.4,479.28,462.42,472.34,2352808,2020-04-17
457.46,466.39,448.52,459.43,2426273,2020-04-16
471.34,473.33,447.53,465.39,5422432,2020-04-15
512.03,524.93,504.09,513.03,2429598,2020-04-14
517.0,525.92,498.14,498.14,1943960,2020-04-13
540.81,541.79,517.98,533.86,1113167,2020-04-10
540.81,543.79,517.98,535.84,1276827,2020-04-09
515.0,539.81,514.0,532.87,2213838,2020-04-08
498.14,518.97,497.15,515.0,1865961,2020-04-07
442.58,481.27,442.58,478.28,1984977,2020-04-06
478.28,482.26,431.65,442.58,2033753,2020-04-03
480.27,498.14,462.42,478.28,1359563,2020-04-02
517.98,522.95,494.16,498.14,1072957,2020-04-01
545.76,546.76,515.0,527.91,1044438,2020-03-31
544.78,564.62,524.93,537.83,1703813,2020-03-30
564.62,568.6,546.76,555.69,1570688,2020-03-27
550.73,558.67,525.92,547.76,1682347,2020-03-26
555.69,577.52,541.79,560.65,2635382,2020-03-25
511.03,531.88,500.12,516.0,1757022,2020-03-24
481.27,492.19,463.4,487.22,2335474,2020-03-23
491.19,495.16,463.4,489.21,2385359,2020-03-19
479.28,502.1,466.39,471.34,2837034,2020-03-18
402.87,463.4,402.87,452.49,2665010,2020-03-17
428.67,449.51,414.79,421.73,1665619,2020-03-16
398.91,437.61,385.01,421.73,2653119,2020-03-13
451.5,490.19,441.58,446.54,2947283,2020-03-12
503.1,519.97,474.31,475.31,1846007,2020-03-11
466.39,496.15,420.74,493.18,3417301,2020-03-10
496.15,511.03,467.38,474.31,2730212,2020-03-09
532.87,547.76,519.97,524.93,1686681,2020-03-06
555.69,556.69,538.82,549.73,1441393,2020-03-05
517.0,540.81,514.0,536.84,1457618,2020-03-04
596.37,598.36,526.91,529.88,2744018,2020-03-03
498.14,574.54,498.14,566.6,2741096,2020-03-02
520.96,535.84,497.15,517.0,2935694,2020-02-28
572.57,583.48,552.72,560.65,1886720,2020-02-27
608.09,612.05,568.55,581.39,2537016,2020-02-26
598.2,620.94,598.2,611.05,1711942,2020-02-25
618.97,635.76,617.98,633.8,712306,2020-02-21
638.74,642.7,620.94,620.94,752356,2020-02-20
617.98,638.74,615.99,634.79,1185728,2020-02-19
627.86,635.76,613.03,614.02,927829,2020-02-18
634.79,637.75,618.97,637.75,1112404,2020-02-17
653.57,655.54,641.7,641.7,740929,2020-02-14
655.54,657.52,644.67,654.57,864619,2020-02-13
640.71,652.58,637.75,652.58,875136,2020-02-12
638.74,647.63,630.83,634.79,943404,2020-02-10
654.57,655.54,638.74,639.73,1054250,2020-02-07
653.57,656.53,646.65,653.57,1171569,2020-02-06
647.63,658.52,644.67,649.62,1653283,2020-02-05
618.97,636.76,618.97,634.79,1391945,2020-02-04
593.26,616.98,590.29,612.05,1919879,2020-02-03
613.03,624.9,609.08,615.01,1360594,2020-01-31
624.9,633.8,605.11,617.98,1848680,2020-01-30
624.9,639.73,621.93,630.83,1951131,2020-01-29
592.27,620.94,588.31,617.98,2590619,2020-01-28
603.15,613.03,595.23,599.2,2536410,2020-01-27
643.67,644.67,619.94,621.93,2440228,2020-01-24
647.63,647.63,627.86,632.8,2969679,2020-01-23
667.41,667.41,654.57,654.57,1610401,2020-01-22
671.36,677.3,659.5,667.41,1846049,2020-01-21
695.1,698.07,670.39,672.35,2003519,2020-01-20
671.36,694.11,671.36,686.2,3342065,2020-01-17
694.11,705.97,667.41,667.41,4365974,2020-01-16
721.79,750.47,688.17,702.02,4878637,2020-01-15
764.31,765.31,723.78,729.71,3033497,2020-01-14
750.47,768.26,746.5,756.41,1989968,2020-01-10
732.67,751.47,732.67,751.47,2489483,2020-01-09
726.73,730.69,706.96,720.82,1808528,2020-01-08
706.96,737.62,705.97,727.72,2081092,2020-01-07
711.9,711.9,697.07,700.04,1369796,2020-01-06
726.73,728.72,716.85,720.82,1293539,2019-12-30
707.95,720.82,707.95,720.82,1800438,2019-12-27
705.97,708.94,696.09,705.97,1053037,2019-12-26
703.0,708.94,700.04,702.02,657794,2019-12-25
697.07,706.96,693.12,703.0,1063150,2019-12-24
693.12,702.02,693.12,696.09,1061431,2019-12-23
679.28,690.16,676.31,689.17,1022695,2019-12-20
669.39,679.28,668.4,676.31,548262,2019-12-19
671.36,677.3,661.48,669.39,851167,2019-12-18
679.28,679.28,663.45,666.42,959181,2019-12-17
675.32,684.22,671.36,674.34,911546,2019-12-16
671.36,675.32,657.52,669.39,1210709,2019-12-13
698.07,698.07,668.4,669.39,1866681,2019-12-12
710.92,711.9,699.05,700.04,730714,2019-12-11
705.97,711.9,703.0,708.94,671953,2019-12-10
701.03,711.9,698.07,705.97,982240,2019-12-09
696.09,704.99,694.11,700.04,844593,2019-12-06
707.95,707.95,691.13,701.03,994277,2019-12-05
695.1,706.96,693.12,704.0,844897,2019-12-04
688.17,708.94,680.27,703.0,1521907,2019-12-03
692.13,701.03,684.22,696.09,1959324,2019-12-02
680.27,688.17,674.34,686.2,1452426,2019-11-29
662.47,678.29,660.48,675.32,1387698,2019-11-28
672.35,677.3,663.45,665.44,963126,2019-11-27
670.39,672.35,663.45,671.36,878980,2019-11-26
674.34,675.32,668.4,672.35,845605,2019-11-25
649.62,664.45,636.76,662.47,1486509,2019-11-22
653.57,661.48,638.74,647.63,1224059,2019-11-21
666.42,667.41,651.59,658.52,1292731,2019-11-20
681.25,682.25,661.48,672.35,1574194,2019-11-19
662.47,682.25,662.47,679.28,1868299,2019-11-18
652.58,667.41,647.63,657.52,933493,2019-11-15
675.32,679.28,653.57,658.52,1703144,2019-11-14
667.41,673.35,660.48,673.35,1330757,2019-11-13
659.5,672.35,657.52,670.39,1653486,2019-11-12
649.62,662.47,642.7,659.5,1305676,2019-11-11
652.58,659.5,633.8,642.7,1762814,2019-11-08
617.98,647.63,615.01,647.63,2087261,2019-11-07
628.85,628.85,612.05,613.03,1115640,2019-11-06
628.85,633.8,618.97,621.93,1268154,2019-11-05
611.05,622.92,608.09,618.97,1224767,2019-11-01
635.76,636.76,613.03,614.02,2013937,2019-10-31
637.75,641.7,630.83,636.76,1406510,2019-10-30
636.76,643.67,630.83,634.79,1196348,2019-10-29
656.53,656.53,633.8,635.76,1984506,2019-10-28
652.58,659.5,647.63,651.59,1042215,2019-10-25
663.45,672.35,647.63,652.58,2096363,2019-10-24
644.67,673.35,637.75,671.36,2806141,2019-10-23
627.86,649.62,624.9,632.8,2490999,2019-10-21
678.29,685.21,633.8,636.76,5229581,2019-10-18
695.1,705.97,678.29,679.28,4238846,2019-10-17
781.13,785.08,698.07,702.02,7473200,2019-10-16
746.5,778.15,732.67,772.22,3688560,2019-10-15
734.65,748.5,721.79,746.5,1679984,2019-10-11
749.48,749.48,723.78,730.69,1324184,2019-10-10
719.82,751.47,717.84,748.5,2123063,2019-10-09
700.04,728.72,698.07,725.76,1804685,2019-10-08
700.04,704.0,684.22,703.0,1009547,2019-10-07
697.07,701.03,688.17,696.09,749524,2019-10-04
680.27,697.07,675.32,693.12,1392047,2019-10-03
673.35,711.9,670.39,690.16,2168676,2019-10-02
693.12,695.1,677.3,678.29,1538898,2019-10-01
702.02,702.02,685.21,692.13,1049496,2019-09-30
692.13,702.02,689.17,699.05,1032707,2019-09-27
705.97,711.9,693.12,696.09,1203022,2019-09-26
712.89,718.82,703.0,703.0,786743,2019-09-25
704.0,719.82,700.04,712.89,1263299,2019-09-24
694.11,703.0,684.22,698.07,1511388,2019-09-20
698.07,713.89,692.13,698.07,1321959,2019-09-19
707.95,709.94,697.07,703.0,1116145,2019-09-18
697.07,717.84,694.11,707.95,1053137,2019-09-17
721.79,724.76,700.04,704.0,1666735,2019-09-13
734.65,737.62,720.82,720.82,896376,2019-09-12
718.82,742.55,708.94,725.76,1823496,2019-09-11
758.37,764.31,716.85,722.78,2485740,2019-09-10
737.62,756.41,735.64,754.42,1302743,2019-09-09
750.47,756.41,731.68,737.62,2022635,2019-09-06
712.89,743.54,711.9,737.62,2475728,2019-09-05
685.21,711.9,683.23,707.95,1262794,2019-09-04
718.82,718.82,690.16,694.11,1607974,2019-09-03
711.9,721.79,704.99,712.89,1034630,2019-09-02
725.76,733.66,713.89,721.79,1489845,2019-08-30
704.99,728.72,699.05,725.76,1608783,2019-08-29
739.47,742.43,688.2,697.07,2534477,2019-08-28
683.27,730.59,683.27,724.68,2666227,2019-08-27
683.27,702.01,670.47,673.42,1912850,2019-08-26
709.9,717.78,685.24,698.07,2608921,2019-08-23
734.54,741.44,707.92,718.76,2273413,2019-08-22
748.35,754.27,722.71,729.62,2674745,2019-08-21
750.32,764.12,742.43,753.28,1483727,2019-08-20
764.12,765.11,741.44,748.35,1589918,2019-08-19
757.22,772.01,746.37,754.27,2014478,2019-08-16
729.62,757.22,725.68,754.27,1744995,2019-08-15
752.28,761.17,740.47,748.35,1593163,2019-08-14
720.75,742.43,707.92,737.5,2120161,2019-08-13
741.44,756.24,722.71,729.62,2306171,2019-08-09
714.82,743.41,711.86,736.51,2797063,2019-08-08
689.19,716.79,681.3,715.81,2606894,2019-08-07
655.66,686.23,648.77,683.27,1585759,2019-08-06
690.18,700.03,660.58,684.26,1602597,2019-08-05
682.29,699.05,681.3,695.11,1171546,2019-08-02
696.09,702.01,678.34,701.02,1946525,2019-08-01
704.97,712.85,693.13,700.03,2093588,2019-07-31
685.24,706.93,678.34,702.98,3144237,2019-07-30
674.41,678.34,659.61,677.36,1119819,2019-07-29
653.69,673.42,646.78,668.48,1137669,2019-07-26
671.43,677.36,651.72,659.61,1912548,2019-07-25
685.24,685.24,660.58,680.32,1997540,2019-07-24
692.14,702.01,683.27,685.24,2265705,2019-07-23
682.29,699.05,672.42,683.27,3317873,2019-07-22
666.51,680.32,660.58,675.38,2934593,2019-07-19
658.63,687.21,643.82,646.78,4465281,2019-07-18
600.45,657.63,594.53,656.65,5110132,2019-07-17
601.43,640.87,588.61,605.37,6981399,2019-07-16
611.3,615.24,584.67,593.56,2192882,2019-07-12
604.4,611.3,594.53,610.31,1680287,2019-07-11
586.65,603.42,579.75,602.42,2342380,2019-07-10
587.64,587.64,571.86,580.72,800638,2019-07-09
588.61,595.52,573.83,577.77,1349442,2019-07-08
566.92,586.65,566.92,582.71,1548537,2019-07-05
555.09,564.95,553.12,562.0,763011,2019-07-04
562.99,567.92,547.21,548.2,934822,2019-07-03
561.0,561.0,548.2,558.05,665544,2019-07-02
562.0,568.91,556.08,561.0,755708,2019-07-01
554.12,560.03,546.22,552.15,832487,2019-06-28
543.27,555.09,536.36,554.12,820619,2019-06-27
541.29,553.12,535.38,543.27,602051,2019-06-26
551.15,559.05,540.31,543.27,761186,2019-06-25
568.91,568.91,545.23,552.15,882487,2019-06-24
571.86,578.77,564.95,564.95,907843,2019-06-21
552.15,570.87,545.23,566.92,883602,2019-06-20
562.99,562.99,541.29,551.15,1243760,2019-06-19
566.92,566.92,540.31,543.27,1364048,2019-06-18
569.87,571.86,560.03,565.95,645563,2019-06-17
558.05,567.92,548.2,562.99,1325201,2019-06-14
573.83,575.8,550.16,557.07,1777146,2019-06-13
596.51,598.48,571.86,578.77,1377232,2019-06-12
600.45,606.37,595.52,598.48,1172356,2019-06-11
608.33,615.24,594.53,599.47,1967315,2019-06-10
581.72,603.42,574.81,602.42,2133853,2019-06-07
590.6,597.49,572.84,580.72,1775726,2019-06-06
601.43,621.16,582.71,587.64,4063337,2019-06-05
595.52,597.49,572.84,590.6,3046158,2019-06-04
570.87,596.51,570.87,592.56,4765292,2019-06-03
572.84,592.56,559.05,562.0,4625834,2019-05-31
545.23,583.7,539.31,582.71,3866169,2019-05-30
546.22,567.92,532.43,543.27,3266553,2019-05-29
584.67,598.48,543.27,564.95,8702863,2019-05-28
529.45,555.09,522.56,555.09,4756872,2019-05-27
467.35,478.2,460.45,476.22,511581,2019-05-24
489.04,492.0,467.35,479.18,827110,2019-05-23
490.02,495.94,485.1,490.02,517362,2019-05-22
478.2,490.02,472.27,488.06,571522,2019-05-21
505.8,509.74,482.15,484.1,941718,2019-05-20
488.06,501.86,487.06,498.89,701447,2019-05-17
488.06,492.0,477.21,479.18,774674,2019-05-16
464.39,483.12,462.42,481.15,795466,2019-05-15
459.45,476.22,455.5,469.31,1717407,2019-05-14
503.82,513.68,487.06,491.01,1517907,2019-05-13
502.84,524.54,500.87,508.75,1330984,2019-05-10
513.68,514.66,498.89,504.81,955311,2019-05-09
519.6,521.57,508.75,514.66,814332,2019-05-08
512.71,527.49,505.8,526.5,992330,2019-05-07
517.62,523.55,508.75,522.56,884820,2019-04-26
532.43,532.43,516.65,525.51,1297716,2019-04-25
526.5,535.38,520.59,533.4,1239804,2019-04-24
527.49,543.27,516.65,518.62,1634544,2019-04-23
556.08,556.08,514.66,517.62,2315401,2019-04-22
586.65,586.65,557.07,565.95,2905079,2019-04-19
598.48,616.21,573.83,586.65,3670930,2019-04-18
555.09,584.67,554.12,583.7,3495263,2019-04-17
506.79,554.12,503.82,548.2,4292657,2019-04-16
509.74,511.71,487.06,506.79,3701763,2019-04-15
478.2,484.1,473.26,484.1,1583122,2019-04-12
478.2,478.2,464.39,473.26,679337,2019-04-11
461.44,476.22,461.44,473.26,995677,2019-04-10
485.1,485.1,467.35,471.29,982796,2019-04-09
485.1,488.06,476.22,482.15,922449,2019-04-08
474.25,477.21,465.37,472.27,582578,2019-04-05
476.22,479.18,463.4,467.35,760982,2019-04-04
461.44,476.22,453.54,476.22,1106938,2019-04-03
483.12,483.12,453.54,455.5,1552898,2019-04-02
466.37,485.1,464.39,483.12,2212254,2019-04-01
458.46,473.26,453.54,458.46,2128072,2019-03-29
445.66,446.65,430.86,443.68,903991,2019-03-28
428.89,446.65,427.89,442.71,955512,2019-03-27
414.1,425.94,410.16,422.98,684306,2019-03-26
406.21,418.05,401.29,412.14,758143,2019-03-25
429.89,433.82,415.1,420.01,526288,2019-03-22
430.86,434.81,421.01,422.98,435514,2019-03-20
432.84,433.82,417.06,427.89,592314,2019-03-19
443.68,448.61,433.82,435.8,656008,2019-03-18
423.96,440.73,421.01,436.79,1043548,2019-03-15
413.11,422.98,410.16,420.01,904903,2019-03-14
408.19,410.16,394.39,404.24,857030,2019-03-13
423.96,423.96,411.15,411.15,583998,2019-03-12
419.04,423.96,408.19,417.06,631057,2019-03-11
414.1,419.04,402.29,414.1,920928,2019-03-08
426.94,432.84,422.0,425.94,590792,2019-03-07
434.81,436.79,420.01,431.85,737553,2019-03-06
446.65,446.65,428.89,439.74,784311,2019-03-05
459.45,461.44,449.6,451.57,539980,2019-03-04
433.82,449.6,430.86,446.65,960483,2019-03-01
444.66,448.61,429.89,435.8,1161302,2019-02-28
463.4,464.39,449.6,452.56,831573,2019-02-27
463.4,477.21,462.42,466.37,1196902,2019-02-26
481.13,494.87,461.5,475.23,3068067,2019-02-25
440.87,478.19,437.92,476.22,2474008,2019-02-22
441.85,443.81,434.97,438.89,849078,2019-02-21
433.98,436.94,425.15,433.98,739085,2019-02-20
419.27,429.08,414.36,429.08,798766,2019-02-19
412.39,422.21,411.41,416.33,806710,2019-02-18
409.45,412.39,397.66,402.58,540285,2019-02-15
419.27,421.24,411.41,412.39,384871,2019-02-14
404.54,417.3,401.6,415.33,580820,2019-02-13
400.6,408.46,398.65,401.6,573792,2019-02-12
392.75,401.6,386.87,395.69,880344,2019-02-08
413.37,417.3,397.66,399.63,774528,2019-02-07
428.09,428.09,414.36,414.36,488242,2019-02-06
429.08,433.02,417.3,420.24,777888,2019-02-05
421.24,427.12,417.3,427.12,673702,2019-02-04
424.17,428.09,404.54,413.37,850606,2019-02-01
395.69,422.21,395.69,418.29,1557100,2019-01-31
402.58,402.58,392.75,392.75,935442,2019-01-30
406.5,407.48,393.73,402.58,625426,2019-01-29
406.5,409.45,402.58,402.58,427849,2019-01-28
410.43,413.37,403.54,404.54,953469,2019-01-25
414.36,416.33,407.48,411.41,774936,2019-01-24
404.54,417.3,402.58,412.39,1185063,2019-01-23
427.12,427.12,404.54,410.43,1425416,2019-01-22
471.31,472.28,428.09,429.08,2071620,2019-01-21
458.53,470.33,445.78,459.52,1951648,2019-01-18
475.23,488.98,448.72,464.44,5319544,2019-01-17
397.66,454.63,397.66,449.71,4806350,2019-01-16
345.63,399.63,334.83,390.8,3614259,2019-01-15
375.09,400.6,374.11,383.91,2458324,2019-01-11
366.25,377.04,364.27,369.19,930146,2019-01-10
379.99,386.87,368.2,368.2,1097274,2019-01-09
379.0,380.98,369.19,378.03,1329682,2019-01-08
380.98,381.95,366.25,378.03,1519114,2019-01-07
353.48,356.43,340.72,355.45,1224578,2019-01-04
355.45,367.22,350.52,366.25,1146566,2018-12-28
352.5,367.22,349.56,360.35,1542029,2018-12-27
326.96,349.56,323.03,328.93,1696324,2018-12-26
314.21,328.93,309.29,313.22,1853776,2018-12-25
361.33,363.3,331.87,344.64,1694694,2018-12-21
373.11,379.99,349.56,361.33,1205330,2018-12-20
373.11,391.77,367.22,378.03,1377143,2018-12-19
376.06,385.89,365.26,373.11,1104301,2018-12-18
380.98,398.65,376.06,383.91,1157769,2018-12-17
407.48,413.37,382.94,386.87,1730237,2018-12-14
411.41,419.27,402.58,413.37,1119271,2018-12-13
410.43,431.04,409.45,417.3,1667398,2018-12-12
434.97,437.92,399.63,404.54,1626151,2018-12-11
450.69,453.63,436.94,442.83,1005409,2018-12-10
470.33,478.19,462.47,464.44,561979,2018-12-07
480.14,481.13,462.47,470.33,783186,2018-12-06
473.27,492.92,472.28,481.13,621252,2018-12-05
502.72,517.46,487.01,488.98,954794,2018-12-04
516.48,518.44,502.72,502.72,771267,2018-12-03
514.49,521.39,507.64,515.49,540794,2018-11-30
529.24,533.17,508.61,517.46,1034130,2018-11-29
480.14,521.39,478.19,515.49,1692554,2018-11-28
477.2,481.13,466.41,472.28,750186,2018-11-27
469.33,483.1,464.44,472.28,610455,2018-11-26
472.28,477.2,463.45,472.28,702117,2018-11-22
466.41,477.2,460.51,474.25,1037082,2018-11-21
483.1,488.98,475.23,477.2,922915,2018-11-20
490.94,496.84,486.04,488.98,762510,2018-11-19
522.36,522.36,490.94,490.94,1085765,2018-11-16
499.78,515.49,493.89,502.72,585606,2018-11-15
511.56,522.36,502.72,504.7,769640,2018-11-14
495.85,521.39,492.92,512.55,818524,2018-11-13
544.95,546.91,521.39,521.39,678488,2018-11-12
552.8,562.63,548.89,548.89,615040,2018-11-09
588.15,588.15,556.74,557.71,610355,2018-11-08
553.79,575.39,546.91,572.45,677165,2018-11-07
554.77,556.74,542.98,545.92,356252,2018-11-06
541.99,558.7,540.04,550.84,402389,2018-11-05
551.83,562.63,548.89,556.74,721976,2018-11-02
564.58,579.32,554.77,559.67,539572,2018-11-01
569.49,577.34,553.79,571.47,1399446,2018-10-31
490.94,559.67,477.2,555.75,2033836,2018-10-30
531.2,547.9,500.76,504.7,1249123,2018-10-29
565.57,569.49,528.26,545.92,959274,2018-10-26
569.49,575.39,554.77,556.74,865883,2018-10-25
596.01,602.88,581.27,589.13,524499,2018-10-24
589.13,609.75,587.18,596.01,617382,2018-10-23
589.13,593.06,573.42,586.18,688265,2018-10-22
584.23,594.05,580.3,589.13,724827,2018-10-19
606.81,619.57,594.05,598.96,972310,2018-10-18
623.51,640.19,603.87,615.65,985958,2018-10-17
610.73,641.16,594.05,613.68,1515650,2018-10-16
657.86,669.65,640.19,640.19,1277232,2018-10-15
613.68,648.04,610.73,643.14,886658,2018-10-12
595.02,627.43,593.06,623.51,1118559,2018-10-11
686.34,686.34,626.44,639.22,1816194,2018-10-10
703.02,706.95,669.65,691.24,1587552,2018-10-09
704.02,709.91,702.06,702.06,849790,2018-10-05
705.97,711.86,701.07,706.95,903768,2018-10-04
702.06,709.91,702.06,705.0,1377753,2018-10-03
697.14,705.97,687.32,693.21,1041667,2018-10-02
688.3,710.89,685.36,697.14,1288028,2018-10-01
706.95,707.94,685.36,692.23,1167139,2018-09-28
705.97,722.67,674.55,686.34,2421049,2018-09-27
668.66,706.95,668.66,698.13,2844823,2018-09-26
639.22,665.72,637.25,663.76,1718219,2018-09-25
619.57,636.25,618.61,636.25,1470431,2018-09-21
605.82,620.55,598.96,615.65,1320821,2018-09-20
604.83,610.73,593.06,599.94,1125688,2018-09-19
586.18,603.87,577.34,598.96,1523492,2018-09-18
560.65,581.27,560.65,577.34,1095848,2018-09-14
549.85,560.65,549.85,557.71,398925,2018-09-13
568.53,571.47,547.9,554.77,684089,2018-09-12
564.58,581.27,552.8,565.57,1186693,2018-09-11
542.98,568.53,542.98,551.83,665045,2018-09-10
534.14,541.03,527.28,539.04,598337,2018-09-07
535.13,551.83,511.56,538.09,1798370,2018-09-06
563.6,569.49,552.8,553.79,642842,2018-09-05
549.85,566.54,547.9,553.79,633983,2018-09-04
559.67,562.63,544.95,551.83,677776,2018-09-03
574.4,577.34,564.58,565.57,872299,2018-08-31
582.26,593.06,565.57,582.26,1114383,2018-08-30
577.34,596.99,574.4,583.25,769946,2018-08-29
623.51,624.48,583.25,587.18,1720970,2018-08-28
563.6,587.18,560.65,585.2,1385187,2018-08-27
552.8,565.57,552.8,557.71,762408,2018-08-24
530.21,568.53,530.21,552.8,1140863,2018-08-23
523.35,543.98,521.39,530.21,1306055,2018-08-22
519.41,530.21,484.06,521.39,2270217,2018-08-21
541.99,546.91,523.35,523.35,1015595,2018-08-20
539.04,551.83,538.09,541.99,922202,2018-08-17
559.67,560.65,536.1,539.04,1892372,2018-08-16
578.34,580.3,566.54,567.53,863133,2018-08-15
586.18,594.05,576.37,579.32,708635,2018-08-14
589.13,591.09,570.47,579.32,763629,2018-08-13
600.91,603.87,590.12,596.01,618094,2018-08-10
601.9,618.61,590.12,596.01,1207062,2018-08-09
561.64,620.55,561.64,601.9,2867433,2018-08-08
575.39,580.3,556.74,559.67,1714552,2018-08-07
579.32,580.3,553.79,555.75,1715368,2018-08-06
593.06,607.79,587.18,589.13,1310739,2018-08-03
618.61,618.61,593.06,597.96,1691638,2018-08-02
631.35,636.25,615.65,620.55,1119679,2018-08-01
646.09,646.09,614.67,615.65,2423900,2018-07-31
659.83,660.8,644.11,646.09,782573,2018-07-30
667.68,674.55,649.04,661.79,1048387,2018-07-27
675.54,680.46,666.7,670.64,1145548,2018-07-26
668.66,681.42,665.72,675.54,1157055,2018-07-25
630.37,678.48,628.41,664.74,2254023,2018-07-24
649.04,652.95,631.35,636.25,2809382,2018-07-23
691.24,691.24,663.76,665.72,2537254,2018-07-20
726.6,726.6,692.23,694.2,2741656,2018-07-19
756.06,762.92,719.73,727.57,1896447,2018-07-18
724.63,776.67,717.77,740.35,3383480,2018-07-17
831.67,837.55,798.27,804.18,1855303,2018-07-13
795.33,819.88,795.33,818.89,932997,2018-07-12
792.39,803.19,779.61,791.41,857124,2018-07-11
819.88,832.63,796.32,804.18,1124670,2018-07-10
785.51,832.63,776.67,824.78,1957044,2018-07-09
706.95,766.85,701.07,764.9,1267863,2018-07-06
742.31,748.2,697.14,701.07,1474199,2018-07-05
756.06,756.06,739.37,748.2,655573,2018-07-04
761.93,775.7,750.16,757.04,771167,2018-07-03
782.56,784.54,761.93,764.9,730225,2018-07-02
777.65,780.6,758.01,780.6,741530,2018-06-29
781.59,781.59,759.98,772.75,965689,2018-06-28
778.64,796.32,775.7,783.54,574811,2018-06-27
765.87,781.59,756.06,780.6,889002,2018-06-26
810.06,813.0,773.72,775.7,1134039,2018-06-25
800.24,808.09,795.33,804.18,803045,2018-06-22
813.97,827.74,805.14,811.04,938702,2018-06-21
785.51,812.03,777.65,811.04,1347709,2018-06-20
817.91,821.84,788.46,791.41,1762827,2018-06-19
849.33,852.27,819.88,830.68,948478,2018-06-18
859.15,862.11,839.52,843.44,1140761,2018-06-15
852.27,869.95,829.69,855.23,2538883,2018-06-14
819.88,847.38,819.88,845.4,2021716,2018-06-13
816.93,823.8,811.04,823.8,608114,2018-06-12
809.08,826.75,809.08,816.93,867002,2018-06-11
805.14,814.97,805.14,809.08,474799,2018-06-08
806.14,818.89,801.22,811.04,876066,2018-06-07
804.18,809.08,792.39,800.24,778195,2018-06-06
837.55,837.55,801.22,812.03,1085765,2018-06-05
839.52,847.38,831.67,837.55,963144,2018-06-04
838.52,844.42,826.75,833.62,920880,2018-06-01
827.74,834.62,816.93,834.62,2494378,2018-05-31
786.49,826.75,786.49,822.82,1016307,2018-05-30
826.75,831.67,793.35,808.09,949191,2018-05-29
805.14,827.74,805.14,820.86,985040,2018-05-28
794.35,810.06,776.67,802.19,1351885,2018-05-25
842.46,844.42,805.14,807.11,1375104,2018-05-24
847.38,859.15,823.8,842.46,2340082,2018-05-23
825.77,840.49,825.77,836.57,1312064,2018-05-22
811.04,832.63,810.06,823.8,1202376,2018-05-21
804.18,821.84,795.33,815.96,1314305,2018-05-18
814.97,826.75,790.41,798.27,1691842,2018-05-17
794.35,808.09,793.35,804.18,1339255,2018-05-16
774.71,799.26,772.75,789.43,1746227,2018-05-15
736.41,773.72,733.47,766.85,1302591,2018-05-14
770.79,774.71,736.41,748.2,2320325,2018-05-11
771.76,795.33,769.8,777.65,1057860,2018-05-10
787.48,792.39,769.8,775.7,1656909,2018-05-09
803.19,809.08,791.41,792.39,1635930,2018-05-08
823.8,828.71,795.33,806.14,1519215,2018-05-07
803.19,834.62,802.19,828.71,1220811,2018-05-02
818.89,818.89,790.41,804.18,1367365,2018-05-01
845.4,846.39,818.89,821.84,1393029,2018-04-27
838.52,847.38,827.74,839.52,1596517,2018-04-26
827.74,849.33,821.84,838.52,1700397,2018-04-25
834.62,841.48,822.82,824.78,1190257,2018-04-24
840.49,851.31,819.88,825.77,1836359,2018-04-23
861.12,866.03,847.38,853.26,1455257,2018-04-20
854.23,887.61,840.49,851.31,3194151,2018-04-19
797.28,895.48,797.28,854.23,6819307,2018-04-18
842.46,843.44,754.1,802.19,6978083,2018-04-17
919.04,945.56,805.14,849.33,9004992,2018-04-16
1021.16,1026.07,972.07,992.68,4366280,2018-04-13
978.94,1003.5,972.07,992.68,2733202,2018-04-12
1009.38,1030.98,963.24,995.62,4535952,2018-04-11
1004.48,1026.07,947.52,989.74,7463372,2018-04-10
953.42,1084.99,874.87,935.74,17276706,2018-04-09
893.52,949.48,890.57,946.54,6286049,2018-04-06
887.61,890.57,874.87,880.75,2474721,2018-04-05
882.73,902.36,867.98,878.79,4705523,2018-04-04
813.97,866.03,810.06,853.26,4073985,2018-04-03
777.65,829.69,776.67,823.8,3859807,2018-04-02
749.18,779.61,742.31,770.79,1969571,2018-03-30
749.18,754.1,731.5,746.23,1501494,2018-03-29
709.91,745.26,705.0,735.43,1463099,2018-03-28
718.74,727.57,707.94,721.68,1416046,2018-03-27
677.51,715.8,677.51,705.0,1413602,2018-03-26
676.52,700.08,673.59,692.23,1957249,2018-03-23
721.68,725.63,696.15,708.93,1377753,2018-03-22
732.49,755.06,705.97,712.85,2365747,2018-03-20
782.56,803.19,737.4,752.11,3286218,2018-03-19
756.06,782.56,744.27,762.92,3818050,2018-03-16
735.43,752.11,722.67,737.4,1275298,2018-03-15
702.06,746.23,696.15,739.37,2120709,2018-03-14
685.36,705.0,682.42,703.02,1124670,2018-03-13
705.97,706.95,681.42,695.18,901324,2018-03-12
722.67,725.63,683.39,686.34,2300667,2018-03-09
697.14,741.33,697.14,725.63,2350572,2018-03-08
675.54,703.02,661.79,695.18,1419508,2018-03-07
655.9,701.07,653.94,681.42,2087711,2018-03-06
664.74,694.2,639.22,641.16,1989330,2018-03-05
672.59,683.39,668.66,677.51,1190664,2018-03-02
684.38,705.97,682.42,693.21,1591322,2018-03-01
702.06,713.84,699.1,699.1,931369,2018-02-28
736.41,744.27,714.81,716.77,1427454,2018-02-27
702.06,740.35,697.14,722.67,2241089,2018-02-26
705.0,710.89,689.29,694.2,1052869,2018-02-23
712.85,723.65,694.2,706.95,1306766,2018-02-22
719.73,738.37,704.02,726.6,1612096,2018-02-21
749.18,750.16,717.77,722.67,1905919,2018-02-20
795.33,801.22,727.57,740.35,6450527,2018-02-19
667.68,756.06,659.83,756.06,4461403,2018-02-16
653.94,685.36,633.31,657.86,3452327,2018-02-15
733.47,746.23,630.37,652.95,4305784,2018-02-14
854.23,856.21,736.41,748.2,3463836,2018-02-13
774.71,844.42,766.85,827.74,3344269,2018-02-09
883.69,899.41,817.91,831.01,5293370,2018-02-08
850.98,909.54,834.62,841.8,7401858,2018-02-07
786.82,846.39,690.91,782.56,7040411,2018-02-06
816.61,867.34,802.86,852.27,3497138,2018-02-05
851.96,865.37,839.19,844.11,2518513,2018-02-02
865.71,874.87,847.06,851.96,3510581,2018-02-01
844.42,896.8,843.77,854.9,5724173,2018-01-31
860.12,882.73,839.19,856.54,3713455,2018-01-30
854.9,893.52,822.17,862.43,5751059,2018-01-29
824.78,875.53,824.78,857.18,9782576,2018-01-26
837.87,853.59,796.98,802.52,10744397,2018-01-25
942.63,944.9,867.34,878.79,8769121,2018-01-24
968.8,1003.17,868.31,929.52,20929055,2018-01-23
952.43,952.43,952.43,952.43,690201,2018-01-22
761.3,796.98,730.52,788.78,19903073,2018-01-19
664.41,749.18,632.34,728.56,18434067,2018-01-18
760.65,801.88,653.28,669.32,22479944,2018-01-17
560.65,678.81,560.65,678.81,24337588,2018-01-16
547.9,547.9,547.9,547.9,1583886,2018-01-15
454.94,462.47,449.71,449.71,2203509,2018-01-12
453.96,469.66,451.35,458.53,1465035,2018-01-11
465.74,467.05,453.96,456.25,2187316,2018-01-10
474.57,475.23,462.15,465.74,2409744,2018-01-09
467.05,478.19,462.47,471.64,2232230,2018-01-05
486.04,486.04,458.22,470.98,3129582,2018-01-04
486.34,497.82,468.04,476.22,4170535,2017-12-29
461.81,488.33,457.57,486.34,4490428,2017-12-28
470.98,470.98,454.3,463.12,2194648,2017-12-27
462.79,480.46,443.81,463.45,6105784,2017-12-26
428.09,471.31,427.45,460.18,8781954,2017-12-25
397.99,459.52,394.72,436.94,10321537,2017-12-22
386.21,398.65,384.57,397.99,2793494,2017-12-21
383.27,387.52,376.72,386.21,992983,2017-12-20
387.84,391.12,379.0,383.27,1559137,2017-12-19
389.14,400.93,380.98,386.54,2542040,2017-12-18
375.74,394.4,375.74,388.82,4013491,2017-12-15
378.34,405.2,372.44,375.4,4948423,2017-12-14
376.39,379.67,369.84,379.67,1605580,2017-12-13
376.39,379.67,371.83,376.72,1741848,2017-12-12
382.94,384.24,372.44,379.67,1923944,2017-12-11
370.17,379.99,369.51,376.39,1583580,2017-12-08
376.39,392.1,365.59,370.5,3396007,2017-12-07
391.12,401.27,364.27,365.26,6384432,2017-12-06
366.58,398.65,360.35,398.32,7245119,2017-12-05
359.38,370.5,357.4,361.66,1641022,2017-12-04
371.17,371.83,356.43,359.7,1626051,2017-12-01
366.9,369.84,346.93,358.39,2203509,2017-11-30
375.74,384.9,361.33,366.25,2787688,2017-11-29
388.82,392.75,366.58,380.32,3184882,2017-11-28
376.39,399.31,374.76,394.06,5152825,2017-11-27
371.49,384.24,358.39,369.19,5520381,2017-11-24
409.12,411.74,344.64,353.48,11529617,2017-11-22
324.03,363.3,324.03,363.3,11128453,2017-11-21
303.08,320.42,298.81,314.21,2788911,2017-11-20
304.72,307.33,297.52,298.16,1066312,2017-11-17
294.57,308.64,292.93,304.39,1685324,2017-11-16
300.15,301.11,294.57,295.22,1219385,2017-11-15
303.08,309.29,295.87,296.2,1447618,2017-11-14
295.55,313.88,295.55,306.02,1886670,2017-11-13
292.27,304.39,288.02,298.48,1705182,2017-11-10
301.11,306.02,293.26,293.58,2514541,2017-11-09
297.52,304.39,296.86,301.43,1521863,2017-11-08
305.05,308.64,296.53,298.16,2099627,2017-11-07
297.84,316.49,296.2,307.33,3681069,2017-11-06
314.21,315.85,289.65,292.93,4520370,2017-11-02
322.39,337.1,315.85,319.12,4914509,2017-11-01
327.63,348.56,309.62,328.93,10363701,2017-10-31
598.96,618.61,582.92,617.28,3772118,2017-10-30
578.99,603.21,563.6,578.66,3080696,2017-10-27
589.13,619.9,560.0,590.45,6645357,2017-10-26
543.31,638.22,541.68,621.22,12490217,2017-10-25
430.41,517.13,428.76,513.55,9701916,2017-10-24
435.3,435.3,420.24,425.48,4437570,2017-10-23
387.19,390.8,383.6,386.87,724726,2017-10-20
396.02,404.87,392.42,393.73,983513,2017-10-19
389.81,396.02,384.57,395.39,1271937,2017-10-18
406.5,406.5,382.94,384.57,2631866,2017-10-17
425.48,432.36,399.63,406.5,3979269,2017-10-16
441.53,450.03,432.69,440.87,1613218,2017-10-13
427.45,447.75,426.48,439.56,1739097,2017-10-12
428.76,431.36,414.03,423.51,797138,2017-10-11
397.01,428.76,397.01,425.48,1569526,2017-10-10
412.71,412.71,393.73,405.53,843579,2017-10-06
406.5,421.24,404.21,409.45,758028,2017-10-05
401.27,410.1,400.6,406.83,739391,2017-10-04
392.75,427.76,392.75,410.76,2833519,2017-10-03
395.39,396.02,383.6,386.54,725949,2017-10-02
369.19,397.99,364.27,389.81,1682268,2017-09-29
369.84,369.84,363.97,367.88,363891,2017-09-28
361.66,371.17,359.38,370.17,382529,2017-09-27
361.99,363.97,357.08,363.97,354724,2017-09-26
355.45,369.51,355.45,359.7,476938,2017-09-25
359.7,363.3,351.84,356.43,624816,2017-09-22
372.78,372.78,360.68,364.27,425913,2017-09-21
376.39,384.57,362.97,365.92,701810,2017-09-20
360.35,378.68,360.35,376.39,963348,2017-09-19
357.08,363.97,356.11,359.05,433246,2017-09-15
367.55,368.2,354.79,359.05,705171,2017-09-14
375.4,375.4,364.93,368.2,460745,2017-09-13
373.11,385.22,368.53,372.78,637037,2017-09-12
373.11,386.21,370.17,371.83,1038509,2017-09-11
352.18,373.44,343.66,364.6,1581442,2017-09-08
340.06,355.77,340.06,344.64,889409,2017-09-07
330.58,342.35,328.28,340.06,623899,2017-09-06
352.83,356.43,329.58,338.09,1055619,2017-09-05
368.53,369.51,337.1,351.19,1328460,2017-09-04
377.04,382.94,363.63,372.44,1158278,2017-09-01
356.43,386.21,350.52,381.3,1791038,2017-08-31
357.08,357.08,349.56,353.48,323560,2017-08-30
358.39,359.7,350.85,355.13,259093,2017-08-29
351.84,362.97,348.89,361.66,685617,2017-08-28
351.84,354.13,347.27,350.22,317144,2017-08-25
367.22,367.22,347.91,354.13,730225,2017-08-24
349.89,363.97,348.56,361.99,1012844,2017-08-23
336.77,351.19,336.77,344.64,336392,2017-08-22
340.4,349.23,335.15,343.34,703339,2017-08-21
345.3,355.13,344.32,347.91,637649,2017-08-18
363.3,363.63,347.58,349.56,1292407,2017-08-17
358.39,368.2,354.79,364.6,521546,2017-08-16
370.84,371.17,351.84,356.75,1197385,2017-08-15
358.39,372.78,356.75,366.58,810581,2017-08-14
373.11,381.95,355.13,366.58,1277742,2017-08-10
361.66,366.58,351.84,363.3,762307,2017-08-09
350.52,358.71,344.32,356.75,1513614,2017-08-08
360.35,369.19,350.22,350.22,1564333,2017-08-07
355.13,375.74,354.79,365.59,906824,2017-08-04
374.43,377.71,352.5,360.03,939517,2017-08-03
363.3,388.82,362.32,371.83,956320,2017-08-02
383.91,386.21,356.75,371.17,1386207,2017-08-01
406.5,406.5,368.53,382.94,2059296,2017-07-31
385.89,411.1,379.67,408.79,2055936,2017-07-28
402.58,406.17,381.63,389.14,1610467,2017-07-27
433.34,433.34,402.58,410.43,2117042,2017-07-26
405.85,433.67,400.28,419.58,4369437,2017-07-25
375.74,448.39,366.58,418.95,12227763,2017-07-24
362.97,373.44,348.89,368.2,2348025,2017-07-21
345.3,367.22,326.96,359.7,4546950,2017-07-20
382.94,398.32,347.91,352.5,11675358,2017-07-19
343.66,343.66,333.18,343.66,3948105,2017-07-18
282.46,294.57,279.19,294.57,1941055,2017-07-14
281.79,283.11,276.89,279.19,335170,2017-07-13
283.77,287.03,277.21,280.17,582653,2017-07-12
284.42,284.75,278.86,282.78,571043,2017-07-11
281.47,284.75,276.57,281.14,1006733,2017-07-10
264.45,274.93,262.82,274.6,819442,2017-07-07
261.83,266.75,259.88,264.45,373056,2017-07-06
258.23,264.79,258.23,261.83,551184,2017-07-05
264.13,265.76,257.59,258.23,793166,2017-07-04
266.09,267.38,262.82,264.13,430192,2017-07-03
267.07,268.72,264.45,266.09,501075,2017-06-30
270.67,273.29,269.05,269.05,477855,2017-06-29
274.93,282.78,270.33,270.67,557904,2017-06-28
269.38,282.46,268.38,276.89,1211135,2017-06-27
268.05,269.7,266.42,267.72,364806,2017-06-26
267.72,270.33,265.76,266.75,407275,2017-06-23
274.93,274.93,268.38,268.38,1033925,2017-06-22
272.97,277.21,271.99,276.57,516351,2017-06-21
275.59,277.54,272.97,272.97,454940,2017-06-20
271.66,279.19,271.66,275.26,376418,2017-06-19
273.29,276.89,271.32,271.66,437218,2017-06-16
272.31,275.59,271.66,271.66,253897,2017-06-15
278.2,279.84,271.99,271.99,577458,2017-06-14
275.26,278.86,271.66,275.26,567071,2017-06-13
282.78,294.57,274.6,275.91,1731764,2017-06-12
279.84,283.77,279.19,279.19,386806,2017-06-09
279.84,287.37,277.54,280.51,703034,2017-06-08
278.53,284.08,277.54,279.84,587846,2017-06-07
281.47,288.02,274.93,282.12,800498,2017-06-06
277.21,285.08,277.21,282.12,878410,2017-06-05
291.29,306.34,275.91,278.53,3117970,2017-06-02
286.38,291.29,280.17,289.32,1122531,2017-06-01
274.93,291.62,274.93,287.69,1422259,2017-05-31
275.59,280.17,272.31,275.91,436912,2017-05-30
271.66,280.83,265.44,278.2,769028,2017-05-29
276.24,276.24,271.66,274.6,476632,2017-05-26
276.89,283.11,271.66,276.57,734198,2017-05-25
288.68,290.98,269.05,279.51,1317156,2017-05-24
293.26,304.07,278.86,287.03,3412200,2017-05-23
281.47,292.27,275.59,288.36,3147913,2017-05-22
269.05,277.54,268.72,274.6,2014384,2017-05-19
247.11,268.05,245.79,266.09,1703349,2017-05-18
257.26,260.2,253.32,254.31,464717,2017-05-17
252.02,260.2,249.08,257.9,848467,2017-05-16
252.02,256.59,246.77,254.31,595179,2017-05-15
255.61,260.2,255.3,256.93,570432,2017-05-12
256.59,262.49,256.59,260.2,603122,2017-05-11
267.38,267.38,255.61,256.59,1401484,2017-05-10
270.67,270.67,263.47,264.13,660259,2017-05-09
271.32,274.6,269.38,270.33,967930,2017-05-08
263.47,276.57,262.82,265.11,1883309,2017-05-02
261.83,266.42,259.22,262.82,1400261,2017-05-01
282.46,282.78,266.75,267.38,2082517,2017-04-28
284.75,284.75,272.31,274.6,2014688,2017-04-27
279.51,286.05,274.6,285.73,2513014,2017-04-26
262.16,276.57,262.16,272.97,1840535,2017-04-25
258.89,263.81,252.68,258.23,1506586,2017-04-24
282.46,283.11,258.56,263.81,2578704,2017-04-21
283.11,291.29,281.47,281.47,2169289,2017-04-20
292.6,292.6,277.21,279.19,4111565,2017-04-19
268.05,292.6,268.05,287.69,8206329,2017-04-18
261.83,268.38,246.11,260.53,5966766,2017-04-17
258.56,268.05,230.74,231.4,6385653,2017-04-14
217.65,251.68,217.65,251.68,7583039,2017-04-13
234.34,237.62,214.39,218.96,2829546,2017-04-12
250.39,251.03,234.34,242.84,2106655,2017-04-11
265.11,266.75,250.06,253.65,1897363,2017-04-10
251.03,268.38,244.5,258.23,4766936,2017-04-07
239.9,271.66,239.9,249.08,7450437,2017-04-06
258.23,260.2,239.57,244.5,5975321,2017-04-05
314.21,315.51,264.13,272.97,9445266,2017-04-04
294.57,329.91,289.65,313.22,18588362,2017-04-03
273.94,289.0,254.31,284.75,18128228,2017-03-31
217.01,244.5,217.01,244.5,9536928,2017-03-30
181.65,216.01,181.65,211.76,4355992,2017-03-29
189.35,192.78,183.94,188.03,1842367,2017-03-28
206.85,206.85,190.65,193.75,2169900,2017-03-27
216.01,217.33,198.67,208.16,3660293,2017-03-24
214.39,216.01,208.48,215.34,3789228,2017-03-23
194.75,208.98,194.75,202.44,4197420,2017-03-22
189.83,200.78,182.31,195.22,5629151,2017-03-21
